{"cameraMode":{"drawMode":0,"name":"Shaded","section":"Shading Mode"},"sceneLighting":true,"audioPlay":false,"sceneViewState":{"m_AlwaysRefresh":false,"showFog":true,"showSkybox":true,"showFlares":true,"showImageEffects":true,"showParticleSystems":true,"showVisualEffectGraphs":true,"m_FxEnabled":true},"in2DMode":false,"pivot":{"x":16.41307258605957,"y":-0.05574852228164673,"z":7.850968360900879},"rotation":{"x":0.014919859357178212,"y":0.6437928676605225,"z":-0.012553592212498188,"w":0.764954686164856},"size":5.887408256530762,"orthographic":false}