{"cameraMode":{"drawMode":0,"name":"Shaded","section":"Shading Mode"},"sceneLighting":true,"audioPlay":false,"sceneViewState":{"m_AlwaysRefresh":false,"showFog":true,"showSkybox":true,"showFlares":true,"showImageEffects":true,"showParticleSystems":true,"showVisualEffectGraphs":true,"m_FxEnabled":true},"in2DMode":false,"pivot":{"x":0.062338653951883319,"y":0.47045791149139407,"z":0.18215683102607728},"rotation":{"x":0.6785598993301392,"y":0.0011026222491636873,"z":-0.0010172701440751553,"w":0.7345467209815979},"size":0.7781851291656494,"orthographic":false}